manifest	14a99630b1890c924aa0d471ae96286ae6c016f65fbe9892e3af6b509f842be3	-
	package.json	100644	033caea94bbe233f3df848959bde2653bfcfc145ff4e27e7de2062299ac56db5
	packages/domain/package.json	100644	4dd5eba45f72010c45f84d22b9e5db849f51dd78f0123501fa85a1afa60c0985
	packages/domain/src/alert-engine.ts	100644	e5479170ac6cbdd613540b3b1779961539e32a6e88708a90d4a6a04b24059e86
	packages/domain/src/cash-session.ts	100644	d1f96da6246700a35b63550dbce7cf6c4c27a81e943ff59a27ac778630966cf3
	packages/domain/src/costing.ts	100644	27eb68ad0aad6b7f6ddb3834d5d82a55497e77d0daaf466c625694638038197f
	packages/domain/src/index.ts	100644	bc310fc7445adf5b8132b1150b758db058f55861aa09a7cb0b72db7f8c8b9c73
	packages/domain/src/pricing.ts	100644	83e4bc7279d70835d1f1ca0f176ccb0167698f2b3e4b3faed0e9ca42b156217e
	packages/domain/src/reporting.ts	100644	a7c05b975532860a10bf3f4552905f41248e851f4b5d1aaf6697d18b4906a3c8
	packages/domain/src/rounding.ts	100644	85232b8c1e9ef156ae93ee9dc461b6b2e0ace9ade3c182ed80e9f7c346b33ca4
	packages/domain/src/sale-calculator.ts	100644	3b03942d49e1c87a6d9798f48c1ece441ef9a03d3d006480209d6a14b7912cbb
	packages/domain/src/stock-ledger.ts	100644	8c8ee53b34a0e05242e5c20564e9222b27f993c13be2da0cc295b104f35bf9cf
	packages/domain/src/types.ts	100644	4cdb55ae3abcaabe286c0ee730d4a6bfbf9724b0b8494ade8961cf44332c4faf
	packages/domain/tests/alert-engine.spec.ts	100644	e93032b844609e21971679cbb51a97c3c85c68ea0a0953c6779b2c6f4f607045
	packages/domain/tests/cash-session.spec.ts	100644	7cdaf8e74bac45de333a1b7d13d74fe385480e3a3edc1e7b6f37dd4b39fdb886
	packages/domain/tests/costing.spec.ts	100644	577ece9c6d87a88d2adbafc20c81c900af7b9e84422de1ac576212c066ea163a
	packages/domain/tests/helpers.ts	100644	366537dc4ec15fac4e0f1efaf92cc86860b61afeb0d2f32ceb590a6a0fbf64c6
	packages/domain/tests/pricing.spec.ts	100644	63d67bfbe91804e52241eac85ecf0626d00867d033d3154f6b2dd042169d5d1c
	packages/domain/tests/properties.spec.ts	100644	414ebb4313250e28607de3439fbe148df2e37073a1660626c765093ca1404ab4
	packages/domain/tests/reporting.spec.ts	100644	bdb12aca8e60f734b9b415cad00e81da97090335454bf9b3d758b09a9f3c6afa
	packages/domain/tests/rounding.spec.ts	100644	934246171c063a038e328f085ca4b03077adee19e7947d8ede3144ed45f2ebf2
	packages/domain/tests/sale-calculator.spec.ts	100644	ff6eb8a5e9bcc31fc8033c012d889eb12e96cffb92538176322f17b4bbb2cd0f
	packages/domain/tests/stock-ledger.spec.ts	100644	3eab4d0a430e0db25a377751c8abe020aa1b07b46bedf2e4c4a8306df5802d41
	packages/domain/tsconfig.json	100644	b9554f5edd3814b9f335b79f61ee33162984efdb0c455d6c3f36b40b2fa0653d
	pnpm-lock.yaml	100644	25afb4552cd7bc1e7b5284b6174359b32530397bc765afe975cbb5607df3986a
	tsconfig.json	100644	013542d6144c3aaace69fe7d6b370116c42a49309412c170435e7ab25d547095
	vendor/fast-check-4.10.2.tgz	100644	da0089e325d00454033ad690d22af2e54d460fbe72a62b432c5d8d65c70ad0c7
	vendor/pure-rand-8.4.2.tgz	100644	3ce449c758cb2ea0db7ff30a1b378d381d9e74681acec74e1e2591ea6aa381ca
	vitest.config.ts	100644	c6eba8115e8edfeba8828462a776ca2fc43869da9aa8d20cf6ac4bdb2532e2a2
